{"episode": 16, "episode/reward": -237.60809318023547, "episode/length": 500, "time/episode_s": 4.832213640213013, "loss/policy_loss": 0.019446279853582382, "loss/value_loss": 46.45298767089844, "loss/entropy_loss": -132.234130859375, "loss/total_loss": 21.92359733581543, "_timestamp": 1759345898.8319123, "_runtime": 137.0324523448944, "_step": 16, "episode/avg_reward_10": -237.111739385847, "episode/avg_length_10": 500.0, "_wandb": {"runtime": 133}}